StartDate,EndDate,Status,IPAddress,Progress,Duration (in seconds),Finished,RecordedDate,ResponseId,RecipientLastName,RecipientFirstName,RecipientEmail,ExternalReference,LocationLatitude,LocationLongitude,DistributionChannel,UserLanguage,Q3,Q5,Q185,Q6,Q7_1,Q7_2,Q7_3,Q7_4,Q7_5,Q7_6,Q7_7,Q7_8,Q7_9,Q7_10,Q8_1,Q8_2,Q8_3,Q8_4,Q8_5,Q8_6,Q8_7,Q8_8,Q8_9,Q8_10,Q8_11,Q8_12,Q8_13,Q8_14,Q8_15,Q24,Q680,Q677,Q674,Q44,Q48,Q49_First Click,Q49_Last Click,Q49_Page Submit,Q49_Click Count,Q52,Q53_First Click,Q53_Last Click,Q53_Page Submit,Q53_Click Count,Q56,Q57_First Click,Q57_Last Click,Q57_Page Submit,Q57_Click Count,Q108,Q109_First Click,Q109_Last Click,Q109_Page Submit,Q109_Click Count,Q112,Q113_First Click,Q113_Last Click,Q113_Page Submit,Q113_Click Count,Q116,Q117_First Click,Q117_Last Click,Q117_Page Submit,Q117_Click Count,Q120,Q121_First Click,Q121_Last Click,Q121_Page Submit,Q121_Click Count,Q207,Q207_4_TEXT,Q207_5_TEXT,Q206,Q206_4_TEXT,Q206_5_TEXT,Q207,Q207_4_TEXT,Q207_5_TEXT,Q178,Q208,Q209,Q241,Q242,Q689,Q688,Q687,Q210,Q210_4_TEXT,Q210_5_TEXT,Q211,Q211_4_TEXT,Q211_5_TEXT,Q212,Q212_4_TEXT,Q212_5_TEXT,Q213,Q214,Q215,Q182,Q184,Q185,Q621,Q622,Q254,Q255,Q256,Q257,Q258,Q258_8_TEXT,Q259,Q259_8_TEXT,Q165,Q166,Q167,Q168,Q169_1,Q169_2,Q169_3,Q169_4,Q169_5,Q171_1,Q171_2,Q171_3,Q171_4,Q171_5,Q171_6,Q171_7,Q646,Q647,Q173,Q268,Q174_1,Q174_2,Q174_3,Q234,Q194,Q195,Q196,Q197,Q199_1,Q199_2,Q199_3,Q200,Q235,Q203,Q205_1,Q205_2,Q205_3,Q236,Q237,Q238,Q642,Q643,Q644,Q645,Q648,Q269,Q270,Q649,SC0,team,Q646 - Parent Topics,Q646 - Sentiment Polarity,Q646 - Sentiment Score,Q646 - Sentiment,Q646 - Topic Sentiment Label,Q646 - Topic Sentiment Score,Q646 - Topics
Start Date,End Date,Response Type,IP Address,Progress,Duration (in seconds),Finished,Recorded Date,Response ID,Recipient Last Name,Recipient First Name,Recipient Email,External Data Reference,Location Latitude,Location Longitude,Distribution Channel,User Language,"Do you understand the instructions and consent to participate in this experiment? You can click ""yes"" to proceed.","Team ID:
(example:TM000999)","Participant ID: 
(example: P000999)",Group ID:,"Survey Section 1: Leadership

 

Please rate the following 10 items on a 6-point scale ranging from ""Strongly disagree"" (1) to ""Strongly agree"" (6). - 1. I usually try to find a couple of good options and then choose between them.","Survey Section 1: Leadership

 

Please rate the following 10 items on a 6-point scale ranging from ""Strongly disagree"" (1) to ""Strongly agree"" (6). - 2. At some point I need to make a decision about things.","Survey Section 1: Leadership

 

Please rate the following 10 items on a 6-point scale ranging from ""Strongly disagree"" (1) to ""Strongly agree"" (6). - 3. In life I try to make the most of whatever path I take.","Survey Section 1: Leadership

 

Please rate the following 10 items on a 6-point scale ranging from ""Strongly disagree"" (1) to ""Strongly agree"" (6). - 4. There are usually several good options in a decision situation.","Survey Section 1: Leadership

 

Please rate the following 10 items on a 6-point scale ranging from ""Strongly disagree"" (1) to ""Strongly agree"" (6). - 5. I try to gain plenty of information before I make a decision, but then I go ahead and make it.","Survey Section 1: Leadership

 

Please rate the following 10 items on a 6-point scale ranging from ""Strongly disagree"" (1) to ""Strongly agree"" (6). - 6. Good things can happen even when things don’t go right at first.","Survey Section 1: Leadership

 

Please rate the following 10 items on a 6-point scale ranging from ""Strongly disagree"" (1) to ""Strongly agree"" (6). - 7. I can’t possibly know everything before making a decision.","Survey Section 1: Leadership

 

Please rate the following 10 items on a 6-point scale ranging from ""Strongly disagree"" (1) to ""Strongly agree"" (6). - 8. All decisions have pros and cons.","Survey Section 1: Leadership

 

Please rate the following 10 items on a 6-point scale ranging from ""Strongly disagree"" (1) to ""Strongly agree"" (6). - 9. I know that if I make a mistake in a decision that I can go “back to the drawing board.”","Survey Section 1: Leadership

 

Please rate the following 10 items on a 6-point scale ranging from ""Strongly disagree"" (1) to ""Strongly agree"" (6). - 10. I accept that life often has uncertainty.","Survey Section 2: Environmental Spatial Ability

 

This questionnaire consists of several statements about your spatial and navigational abilities, preferences, and experiences. After each statement, you should select a number to indicate your level of agreement with the statement. Select ""1"" if you Strongly disagree that the statement applies to you, or select ""7"" if you Strongly agree, or some number in between if you agreement is intermediate. Select ""4"" if you neither disagree nor agree. - 1. I am very good at giving directions.","Survey Section 2: Environmental Spatial Ability

 

This questionnaire consists of several statements about your spatial and navigational abilities, preferences, and experiences. After each statement, you should select a number to indicate your level of agreement with the statement. Select ""1"" if you Strongly disagree that the statement applies to you, or select ""7"" if you Strongly agree, or some number in between if you agreement is intermediate. Select ""4"" if you neither disagree nor agree. - 2. I have a poor memory for where I left things.","Survey Section 2: Environmental Spatial Ability

 

This questionnaire consists of several statements about your spatial and navigational abilities, preferences, and experiences. After each statement, you should select a number to indicate your level of agreement with the statement. Select ""1"" if you Strongly disagree that the statement applies to you, or select ""7"" if you Strongly agree, or some number in between if you agreement is intermediate. Select ""4"" if you neither disagree nor agree. - 3. I am very good at judging distances.","Survey Section 2: Environmental Spatial Ability

 

This questionnaire consists of several statements about your spatial and navigational abilities, preferences, and experiences. After each statement, you should select a number to indicate your level of agreement with the statement. Select ""1"" if you Strongly disagree that the statement applies to you, or select ""7"" if you Strongly agree, or some number in between if you agreement is intermediate. Select ""4"" if you neither disagree nor agree. - 4. My ""sense of direction"" is very good.","Survey Section 2: Environmental Spatial Ability

 

This questionnaire consists of several statements about your spatial and navigational abilities, preferences, and experiences. After each statement, you should select a number to indicate your level of agreement with the statement. Select ""1"" if you Strongly disagree that the statement applies to you, or select ""7"" if you Strongly agree, or some number in between if you agreement is intermediate. Select ""4"" if you neither disagree nor agree. - 5. I tend to think of my environment in terms of cardinal directions (North, South, East, West).","Survey Section 2: Environmental Spatial Ability

 

This questionnaire consists of several statements about your spatial and navigational abilities, preferences, and experiences. After each statement, you should select a number to indicate your level of agreement with the statement. Select ""1"" if you Strongly disagree that the statement applies to you, or select ""7"" if you Strongly agree, or some number in between if you agreement is intermediate. Select ""4"" if you neither disagree nor agree. - 6. I can easily get lost in a new city.","Survey Section 2: Environmental Spatial Ability

 

This questionnaire consists of several statements about your spatial and navigational abilities, preferences, and experiences. After each statement, you should select a number to indicate your level of agreement with the statement. Select ""1"" if you Strongly disagree that the statement applies to you, or select ""7"" if you Strongly agree, or some number in between if you agreement is intermediate. Select ""4"" if you neither disagree nor agree. - 7. I enjoy reading maps.","Survey Section 2: Environmental Spatial Ability

 

This questionnaire consists of several statements about your spatial and navigational abilities, preferences, and experiences. After each statement, you should select a number to indicate your level of agreement with the statement. Select ""1"" if you Strongly disagree that the statement applies to you, or select ""7"" if you Strongly agree, or some number in between if you agreement is intermediate. Select ""4"" if you neither disagree nor agree. - 8. I have trouble understanding directions.","Survey Section 2: Environmental Spatial Ability

 

This questionnaire consists of several statements about your spatial and navigational abilities, preferences, and experiences. After each statement, you should select a number to indicate your level of agreement with the statement. Select ""1"" if you Strongly disagree that the statement applies to you, or select ""7"" if you Strongly agree, or some number in between if you agreement is intermediate. Select ""4"" if you neither disagree nor agree. - 9. I am very good at reading maps.","Survey Section 2: Environmental Spatial Ability

 

This questionnaire consists of several statements about your spatial and navigational abilities, preferences, and experiences. After each statement, you should select a number to indicate your level of agreement with the statement. Select ""1"" if you Strongly disagree that the statement applies to you, or select ""7"" if you Strongly agree, or some number in between if you agreement is intermediate. Select ""4"" if you neither disagree nor agree. - 10. I don't remember routes very well while riding as a passenger in a car.","Survey Section 2: Environmental Spatial Ability

 

This questionnaire consists of several statements about your spatial and navigational abilities, preferences, and experiences. After each statement, you should select a number to indicate your level of agreement with the statement. Select ""1"" if you Strongly disagree that the statement applies to you, or select ""7"" if you Strongly agree, or some number in between if you agreement is intermediate. Select ""4"" if you neither disagree nor agree. - 11. I don't enjoy giving directions.","Survey Section 2: Environmental Spatial Ability

 

This questionnaire consists of several statements about your spatial and navigational abilities, preferences, and experiences. After each statement, you should select a number to indicate your level of agreement with the statement. Select ""1"" if you Strongly disagree that the statement applies to you, or select ""7"" if you Strongly agree, or some number in between if you agreement is intermediate. Select ""4"" if you neither disagree nor agree. - 12. It's not important to me to know where I am.","Survey Section 2: Environmental Spatial Ability

 

This questionnaire consists of several statements about your spatial and navigational abilities, preferences, and experiences. After each statement, you should select a number to indicate your level of agreement with the statement. Select ""1"" if you Strongly disagree that the statement applies to you, or select ""7"" if you Strongly agree, or some number in between if you agreement is intermediate. Select ""4"" if you neither disagree nor agree. - 13. I usually let someone else do the navigational planning for long trips.","Survey Section 2: Environmental Spatial Ability

 

This questionnaire consists of several statements about your spatial and navigational abilities, preferences, and experiences. After each statement, you should select a number to indicate your level of agreement with the statement. Select ""1"" if you Strongly disagree that the statement applies to you, or select ""7"" if you Strongly agree, or some number in between if you agreement is intermediate. Select ""4"" if you neither disagree nor agree. - 14. I can usually remember a new route after I have traveled it only once.","Survey Section 2: Environmental Spatial Ability

 

This questionnaire consists of several statements about your spatial and navigational abilities, preferences, and experiences. After each statement, you should select a number to indicate your level of agreement with the statement. Select ""1"" if you Strongly disagree that the statement applies to you, or select ""7"" if you Strongly agree, or some number in between if you agreement is intermediate. Select ""4"" if you neither disagree nor agree. - 15. I don't have a good ""mental map"" of my environment.",What is your primary goal for the mission?,What is your primary goal for the mission?,What is your primary goal for the mission?,What is your primary goal for the mission?,How many points are the Low-risk victims worth?,How many points are the Low-risk victims worth?,Timing - First Click,Timing - Last Click,Timing - Page Submit,Timing - Click Count,How many points are the Low-risk victims worth?,Timing - First Click,Timing - Last Click,Timing - Page Submit,Timing - Click Count,How many points are the Low-risk victims worth?,Timing - First Click,Timing - Last Click,Timing - Page Submit,Timing - Click Count,How many victims in total are in the building?,Timing - First Click,Timing - Last Click,Timing - Page Submit,Timing - Click Count,How many victims in total are in the building?,Timing - First Click,Timing - Last Click,Timing - Page Submit,Timing - Click Count,How many victims in total are in the building?,Timing - First Click,Timing - Last Click,Timing - Page Submit,Timing - Click Count,How many victims in total are in the building?,Timing - First Click,Timing - Last Click,Timing - Page Submit,Timing - Click Count,What is Alpha's role? - Selected Choice,What is Alpha's role? - Search Specialist (Searcher) - Text,What is Alpha's role? - Medical Specialist (Medic) - Text,What is Bravo's role? - Selected Choice,What is Bravo's role? - Search Specialist (Searcher) - Text,What is Bravo's role? - Medical Specialist (Medic) - Text,What is Delta's role? - Selected Choice,What is Delta's role? - Search Specialist (Searcher) - Text,What is Delta's role? - Medical Specialist (Medic) - Text,What is Alpha's starting navigation plan?,What is Bravo's starting navigation plan?,What is Delta's starting navigation plan?,What was your team strategy in mission 1?,What do you think would be the most effective strategy?,"On a scale from 1 to 7, how useful is the advisor’s advice useful to you?","On a scale from 1 to 7, how do you trust the advisor is with good purpose?","One a scale from 1 to 7, how do you trust the advisor is capable of giving you the right advice?",What is Alpha's role? - Selected Choice,What is Alpha's role? - Search Specialist (Searcher) - Text,What is Alpha's role? - Medical Specialist (Medic) - Text,What is Bravo's role? - Selected Choice,What is Bravo's role? - Search Specialist (Searcher) - Text,What is Bravo's role? - Medical Specialist (Medic) - Text,What is Delta's role? - Selected Choice,What is Delta's role? - Search Specialist (Searcher) - Text,What is Delta's role? - Medical Specialist (Medic) - Text,What is Alpha's starting navigation plan?,What is Bravo's starting navigation plan?,What is Delta's starting navigation plan?,"On a scale from 1 to 7, how useful is the advisor’s advice useful to you?","On a scale from 1 to 7, how do you trust the advisor is with good purpose?","One a scale from 1 to 7, how do you trust the advisor is capable of giving you the right advice?",What was your team strategy in mission 2?,What do you think would be the most effective strategy in mission 2?,Your age:,Your sex assigned at birth:,What is your English proficiency level?,How long have you lived in the United States?,The highest education level you have achieved (or equivalent): - Selected Choice,The highest education level you have achieved (or equivalent): - Other level (please specify) - Text,Ethnicity: - Selected Choice,Ethnicity: - Other - Text,Please rate your experience level in playing video games. Please be as honest and objective as possible.,Please rate your proficiency level in playing video games. Please be as honest and objective as possible.,How many years have you been playing video games?,"On average, how often do you play video games?","Please indicate the percentage of the time that you tend to use the control systems listed below to play video games. For example, if you typically play video games on an Xbox system using a controller, but occasionally play games on your phone then you might indicate 70 for controller and 30 for touchscreen. - % Touchscreen (eg., mobile games)","Please indicate the percentage of the time that you tend to use the control systems listed below to play video games. For example, if you typically play video games on an Xbox system using a controller, but occasionally play games on your phone then you might indicate 70 for controller and 30 for touchscreen. - % Gamepad Controller (e.g., Xbox or Playstation controller)","Please indicate the percentage of the time that you tend to use the control systems listed below to play video games. For example, if you typically play video games on an Xbox system using a controller, but occasionally play games on your phone then you might indicate 70 for controller and 30 for touchscreen. - % Mouse +keyboard","Please indicate the percentage of the time that you tend to use the control systems listed below to play video games. For example, if you typically play video games on an Xbox system using a controller, but occasionally play games on your phone then you might indicate 70 for controller and 30 for touchscreen. - % JoyStick","Please indicate the percentage of the time that you tend to use the control systems listed below to play video games. For example, if you typically play video games on an Xbox system using a controller, but occasionally play games on your phone then you might indicate 70 for controller and 30 for touchscreen. - % Hand-held motion tracking controller (e.g., Wii, Oculus, Vive)","Please indicate the percentage of your video game play that is spent playing the following types of video games. For example, if you only play First person shooter games, you would indicate 100 for that category, but if you mostly play MMO and occasionally play Survival games then you might indicate 80 for MMO and 20 for Survival. - First person shooter","Please indicate the percentage of your video game play that is spent playing the following types of video games. For example, if you only play First person shooter games, you would indicate 100 for that category, but if you mostly play MMO and occasionally play Survival games then you might indicate 80 for MMO and 20 for Survival. - Action- Adventure (e.g., Tomb Raider)","Please indicate the percentage of your video game play that is spent playing the following types of video games. For example, if you only play First person shooter games, you would indicate 100 for that category, but if you mostly play MMO and occasionally play Survival games then you might indicate 80 for MMO and 20 for Survival. - Survival (e.g., Don't Starve)","Please indicate the percentage of your video game play that is spent playing the following types of video games. For example, if you only play First person shooter games, you would indicate 100 for that category, but if you mostly play MMO and occasionally play Survival games then you might indicate 80 for MMO and 20 for Survival. - Role-playing (e.g., Final Fantasy VII)","Please indicate the percentage of your video game play that is spent playing the following types of video games. For example, if you only play First person shooter games, you would indicate 100 for that category, but if you mostly play MMO and occasionally play Survival games then you might indicate 80 for MMO and 20 for Survival. - Real-time strategy (e.g., Age of empires)","Please indicate the percentage of your video game play that is spent playing the following types of video games. For example, if you only play First person shooter games, you would indicate 100 for that category, but if you mostly play MMO and occasionally play Survival games then you might indicate 80 for MMO and 20 for Survival. - Puzzle (e.g., Portal 2)","Please indicate the percentage of your video game play that is spent playing the following types of video games. For example, if you only play First person shooter games, you would indicate 100 for that category, but if you mostly play MMO and occasionally play Survival games then you might indicate 80 for MMO and 20 for Survival. - Other (e.g., Platformer, Third-person shooter, Turn-based strategy, etc)","Of all the video games you have played, which specific ones are you particularly good at? Please list the name or title of each specific video game that you can remember.","What video games are you currently playing the most? Please list each specific name or title. For each video game listed, what type or genre is it? [first person shooter, first person action, real-time strategy, other: please specify]",Think for a moment about the people with whom you have played video games the most. Please check off one of these.,Referring to those people who are very good or good please select which of these applies.,"Please indicate the level of expertise you think you have with the video game skills listed below relative to other players (0 - no relative expertise, 50 - average expertise, 100 - expert among experts). - Controlling the movement of an avatar using W, A, S and D keys + mouse control (note:please respond specifically for first-person views)","Please indicate the level of expertise you think you have with the video game skills listed below relative to other players (0 - no relative expertise, 50 - average expertise, 100 - expert among experts). - Remembering where you have been in a virtual environment and using that information to navigate to an objective.","Please indicate the level of expertise you think you have with the video game skills listed below relative to other players (0 - no relative expertise, 50 - average expertise, 100 - expert among experts). - Learning the purposes of new tools/equipment and using them effectively to complete objectives.","Please list the specific names or titles of all video game tournaments or competitions in which you have participated. If you have not participated in any tournaments or competitions, please type ‘none’.","Of those competitions, what number, specifically, did you score in the top 10?","Please list the specific names or titles of any video games have you played in which you are part of a team? If you have not played as a team, please type “none”.","Do you play any of the video games you listed often (i.e., at least once a week)?",Please select any of the following choices you have used when playing video games as part of a team,"Please indicate the level of expertise you think you have with the team-related video game skills listed below relative to other players (0 - no relative expertise, 50 - average expertise, 100 - expert among experts). - Keeping track of your location","Please indicate the level of expertise you think you have with the team-related video game skills listed below relative to other players (0 - no relative expertise, 50 - average expertise, 100 - expert among experts). - Communicating your location to teammates","Please indicate the level of expertise you think you have with the team-related video game skills listed below relative to other players (0 - no relative expertise, 50 - average expertise, 100 - expert among experts). - Alerting your teammates to changes in your shared objectives or difficulties that you encounter",Have you ever played Minecraft?,Please rate your experience level with playing Minecraft. Please be as honest and objective as possible,How many years have you played Minecraft?,"Please indicate the level of expertise you think you have with Minecraft gameplay relative to other players (0 - no relative expertise, 50 - average expertise, 100 - expert among experts) with regards to the categories listed below. - Survival strategies expertise (base building, defenses, combat, etc)","Please indicate the level of expertise you think you have with Minecraft gameplay relative to other players (0 - no relative expertise, 50 - average expertise, 100 - expert among experts) with regards to the categories listed below. - Crafting expertise (resource-gathering familiarity with crafting tress equipment use, etc)","Please indicate the level of expertise you think you have with Minecraft gameplay relative to other players (0 - no relative expertise, 50 - average expertise, 100 - expert among experts) with regards to the categories listed below. - Exploration expertise (terrain types, resource-gathering regions, danger zones, etc)",How confident are you that you can learn and succeed at a new video game after minimal practice?,What level of general skill do you think you have in playing video games?,Do you consider yourself to be someone who learns new skills efficiently?,Please rate your comfort level with playing computer games.,"If you play computer games, when did you first start playing First-Person Action or Real-time Strategy games (e.g., Minecraft)?","In a typical month, how often do you play First-Person Action or Real-time Strategy games?",How long do you play First-Person Action or Real-time Strategy games each time when you play?,Think for a moment about the people with whom you have played First-Person Action or Real-time Strategy games the most. Please check off one of these.,Have you ever participated in tournaments or competitions in First-Person Action and Real-time Strategy games?,"If you have participated, please list the tournaments or competitions in First-Person Action and Real-time Strategy games?","In those competitions, how many have you ever ""won"" or scored the top ten logged point value?",Pre-knowledge Score,team,Q646 - Parent Topics,Q646 - Sentiment Polarity,Q646 - Sentiment Score,Q646 - Sentiment,Q646 - Topic Sentiment Label,Q646 - Topic Sentiment Score,Q646 - Topics
"{""ImportId"":""startDate"",""timeZone"":""America/Denver""}","{""ImportId"":""endDate"",""timeZone"":""America/Denver""}","{""ImportId"":""status""}","{""ImportId"":""ipAddress""}","{""ImportId"":""progress""}","{""ImportId"":""duration""}","{""ImportId"":""finished""}","{""ImportId"":""recordedDate"",""timeZone"":""America/Denver""}","{""ImportId"":""_recordId""}","{""ImportId"":""recipientLastName""}","{""ImportId"":""recipientFirstName""}","{""ImportId"":""recipientEmail""}","{""ImportId"":""externalDataReference""}","{""ImportId"":""locationLatitude""}","{""ImportId"":""locationLongitude""}","{""ImportId"":""distributionChannel""}","{""ImportId"":""userLanguage""}","{""ImportId"":""QID419""}","{""ImportId"":""QID16_TEXT""}","{""ImportId"":""QID606_TEXT""}","{""ImportId"":""QID53""}","{""ImportId"":""QID12_1""}","{""ImportId"":""QID12_2""}","{""ImportId"":""QID12_3""}","{""ImportId"":""QID12_4""}","{""ImportId"":""QID12_5""}","{""ImportId"":""QID12_6""}","{""ImportId"":""QID12_7""}","{""ImportId"":""QID12_8""}","{""ImportId"":""QID12_9""}","{""ImportId"":""QID12_10""}","{""ImportId"":""QID13_1""}","{""ImportId"":""QID13_2""}","{""ImportId"":""QID13_3""}","{""ImportId"":""QID13_4""}","{""ImportId"":""QID13_5""}","{""ImportId"":""QID13_6""}","{""ImportId"":""QID13_7""}","{""ImportId"":""QID13_8""}","{""ImportId"":""QID13_9""}","{""ImportId"":""QID13_10""}","{""ImportId"":""QID13_11""}","{""ImportId"":""QID13_12""}","{""ImportId"":""QID13_13""}","{""ImportId"":""QID13_14""}","{""ImportId"":""QID13_15""}","{""ImportId"":""QID444""}","{""ImportId"":""QID680""}","{""ImportId"":""QID677""}","{""ImportId"":""QID674""}","{""ImportId"":""QID24""}","{""ImportId"":""QID470""}","{""ImportId"":""QID471_FIRST_CLICK""}","{""ImportId"":""QID471_LAST_CLICK""}","{""ImportId"":""QID471_PAGE_SUBMIT""}","{""ImportId"":""QID471_CLICK_COUNT""}","{""ImportId"":""QID474""}","{""ImportId"":""QID475_FIRST_CLICK""}","{""ImportId"":""QID475_LAST_CLICK""}","{""ImportId"":""QID475_PAGE_SUBMIT""}","{""ImportId"":""QID475_CLICK_COUNT""}","{""ImportId"":""QID478""}","{""ImportId"":""QID479_FIRST_CLICK""}","{""ImportId"":""QID479_LAST_CLICK""}","{""ImportId"":""QID479_PAGE_SUBMIT""}","{""ImportId"":""QID479_CLICK_COUNT""}","{""ImportId"":""QID29""}","{""ImportId"":""QID373_FIRST_CLICK""}","{""ImportId"":""QID373_LAST_CLICK""}","{""ImportId"":""QID373_PAGE_SUBMIT""}","{""ImportId"":""QID373_CLICK_COUNT""}","{""ImportId"":""QID518""}","{""ImportId"":""QID519_FIRST_CLICK""}","{""ImportId"":""QID519_LAST_CLICK""}","{""ImportId"":""QID519_PAGE_SUBMIT""}","{""ImportId"":""QID519_CLICK_COUNT""}","{""ImportId"":""QID522""}","{""ImportId"":""QID523_FIRST_CLICK""}","{""ImportId"":""QID523_LAST_CLICK""}","{""ImportId"":""QID523_PAGE_SUBMIT""}","{""ImportId"":""QID523_CLICK_COUNT""}","{""ImportId"":""QID526""}","{""ImportId"":""QID527_FIRST_CLICK""}","{""ImportId"":""QID527_LAST_CLICK""}","{""ImportId"":""QID527_PAGE_SUBMIT""}","{""ImportId"":""QID527_CLICK_COUNT""}","{""ImportId"":""QID65""}","{""ImportId"":""QID65_4_TEXT""}","{""ImportId"":""QID65_5_TEXT""}","{""ImportId"":""QID664""}","{""ImportId"":""QID664_4_TEXT""}","{""ImportId"":""QID664_5_TEXT""}","{""ImportId"":""QID665""}","{""ImportId"":""QID665_4_TEXT""}","{""ImportId"":""QID665_5_TEXT""}","{""ImportId"":""QID599""}","{""ImportId"":""QID666""}","{""ImportId"":""QID667""}","{""ImportId"":""QID120_TEXT""}","{""ImportId"":""QID127_TEXT""}","{""ImportId"":""QID689""}","{""ImportId"":""QID688""}","{""ImportId"":""QID687""}","{""ImportId"":""QID668""}","{""ImportId"":""QID668_4_TEXT""}","{""ImportId"":""QID668_5_TEXT""}","{""ImportId"":""QID669""}","{""ImportId"":""QID669_4_TEXT""}","{""ImportId"":""QID669_5_TEXT""}","{""ImportId"":""QID670""}","{""ImportId"":""QID670_4_TEXT""}","{""ImportId"":""QID670_5_TEXT""}","{""ImportId"":""QID671""}","{""ImportId"":""QID672""}","{""ImportId"":""QID673""}","{""ImportId"":""QID602""}","{""ImportId"":""QID604""}","{""ImportId"":""QID605""}","{""ImportId"":""QID621_TEXT""}","{""ImportId"":""QID622_TEXT""}","{""ImportId"":""QID1_TEXT""}","{""ImportId"":""QID2""}","{""ImportId"":""QID4""}","{""ImportId"":""QID5""}","{""ImportId"":""QID6""}","{""ImportId"":""QID6_8_TEXT""}","{""ImportId"":""QID8""}","{""ImportId"":""QID8_8_TEXT""}","{""ImportId"":""QID623""}","{""ImportId"":""QID624""}","{""ImportId"":""QID625""}","{""ImportId"":""QID626""}","{""ImportId"":""QID627_1""}","{""ImportId"":""QID627_2""}","{""ImportId"":""QID627_3""}","{""ImportId"":""QID627_4""}","{""ImportId"":""QID627_5""}","{""ImportId"":""QID629_1""}","{""ImportId"":""QID629_2""}","{""ImportId"":""QID629_3""}","{""ImportId"":""QID629_4""}","{""ImportId"":""QID629_5""}","{""ImportId"":""QID629_6""}","{""ImportId"":""QID629_7""}","{""ImportId"":""QID646_TEXT""}","{""ImportId"":""QID647_TEXT""}","{""ImportId"":""QID631""}","{""ImportId"":""QID142""}","{""ImportId"":""QID632_1""}","{""ImportId"":""QID632_2""}","{""ImportId"":""QID632_3""}","{""ImportId"":""QID692_TEXT""}","{""ImportId"":""QID652_TEXT""}","{""ImportId"":""QID653_TEXT""}","{""ImportId"":""QID654""}","{""ImportId"":""QID655""}","{""ImportId"":""QID657_1""}","{""ImportId"":""QID657_2""}","{""ImportId"":""QID657_3""}","{""ImportId"":""QID658""}","{""ImportId"":""QID693""}","{""ImportId"":""QID661""}","{""ImportId"":""QID663_1""}","{""ImportId"":""QID663_2""}","{""ImportId"":""QID663_3""}","{""ImportId"":""QID694""}","{""ImportId"":""QID695""}","{""ImportId"":""QID696""}","{""ImportId"":""QID642""}","{""ImportId"":""QID643""}","{""ImportId"":""QID644""}","{""ImportId"":""QID645""}","{""ImportId"":""QID648""}","{""ImportId"":""QID143""}","{""ImportId"":""QID144_TEXT""}","{""ImportId"":""QID649_TEXT""}","{""ImportId"":""SC_0dFvjllRXQzBoYR""}","{""ImportId"":""team""}","{""ImportId"":""QID646_TEXT_d0ff4443f5164f10a3ec6be0ParTopics""}","{""ImportId"":""QID646_TEXT_d0ff4443f5164f10a3ec6be0SenPol""}","{""ImportId"":""QID646_TEXT_d0ff4443f5164f10a3ec6be0SenScore""}","{""ImportId"":""QID646_TEXT_d0ff4443f5164f10a3ec6be0Sentiment""}","{""ImportId"":""QID646_TEXT_d0ff4443f5164f10a3ec6be0TopicSenLabel""}","{""ImportId"":""QID646_TEXT_d0ff4443f5164f10a3ec6be0TopicSenScore""}","{""ImportId"":""QID646_TEXT_d0ff4443f5164f10a3ec6be0Topics""}"
2021-02-09 11:32:24,2021-02-09 13:17:51,0,70.176.249.117,100,6326,1,2021-02-09 13:17:52,R_OJRcmGrL3LTS6dj,,,,,33.3379974365234375,-111.743499755859375,anonymous,EN,1,TM000001,P000104,1,5,5,5,5,6,5,4,6,3,5,3,5,4,4,7,5,3,5,3,6,6,6,7,6,6,,,,,2,2,6.867,6.867,11.429,1,2,2.364,2.364,3.87,1,2,1.184,1.184,3.936,1,4,3.304,3.304,4.529,1,,,,,,,,,,,,,,,,-99,Medic,Medic,,,,,,,-99,,,"2 medics and 1 hammer. 2 to the left, and 1 to the right",Maybe 2 hammers in the beginning,,,,,,,,,,,,,,,,,,,"We had two stretcher and one hammer. The stretchers will go and collect victims and lay them in the center of the room. When the stretcher has been expanded, one of the stretchers will change to the medic and safe them.",I think our method was good,25,1,5,6,6,-99,4,-99,2,3,7,7,,,,,,,,,,,,,"Mobile Legends, Assassin's Creed series, Red Dead Redemption","Mobile Legends
Assassins Creed
Red Dead Redemption",,,,,,,,,,,,,,4,,3,30,31,23,,,,3,3,4,1,1,2,,,10,,,0,0,Neutral,,,Unknown
2021-02-08 17:30:10,2021-02-09 13:18:49,0,174.76.40.194,100,71318,1,2021-02-09 13:18:49,R_2zUyjApKlJAprOY,,,,,33.4342041015625,-111.84539794921875,anonymous,EN,1,TM000001,"P000103- Alpha ",1,5,6,6,6,6,5,5,6,6,6,6,2,5,4,3,5,7,5,5,4,6,6,5,5,6,,,,,4,2,2.478,2.478,3.803,1,2,4.408,4.408,5.408,1,2,2.614,2.614,5.445,1,4,4.067,4.067,4.729,1,,,,,,,,,,,,,,,,-99,Medic,Medic,,,,,,,-99,,,Team strategy was to rescue victims on different side of the map. Having two medics and one hammer person to rescue victims and clear debris. We first addressed the rubber and then as we went on we were rescuing victims along the way not really prioritizing yellow victims but rescuing as we go,I think a more effective strategy would've been setting time limits to finding high-priority victims versus low priority victims.,,,,,,,,,,,,,,,,,,,"The strategy's mission was initially to have two stretchers to bring victims in the middle and rescue them. 
","I think the strategy was effective because we rescued more victims ",30,2,5,7,5,-99,2,-99,3,3,7,7,,,,,,,,,,,,,"SkyChildren of Light, Zelda, Mario-cart ","Skychildren of Light- socioaction game 
Minecraft - real time ",,,,,,,,,,,,,,4,,2,48,5,42,,,,3,3,3,1,2,2,,,10,,,0,5,Positive,,,Unknown
2021-02-09 11:21:37,2021-02-09 13:19:32,0,184.103.141.124,100,7074,1,2021-02-09 13:19:33,R_1IckIO8L06Es1gZ,,,,,33.533905029296875,-112.17220306396484375,anonymous,EN,1,TM000001,P000105,1,4,5,5,4,5,5,4,6,4,5,4,3,6,5,3,4,7,3,7,5,4,5,6,6,4,,,,,1,2,0.8,0.8,1.63,1,2,2.876,2.876,16.992,1,2,3.797,3.797,4.552,1,4,1.658,1.658,2.301,1,,,,,,,,,,,,,,,,-99,medic,medic,,,,,,,-99,,,one of the medic go with hammer to the left and another medic go to right. Then change our rules through the situation.,Keep the same strategy at first and then do some planning,,,,,,,,,,,,,,,,,,,We use the structure instand of medic at first because they run fast. Then one structure following the hammer to the left and another structure go to the right.,Use the structure and change roles during the sessions.,23,2,5,6,5,-99,4,-99,1,2,7,7,50,85,23,61,75,23,47,-99,59,20,30,74,"splatoon2, tetris","splatoon2: third person shooter
 tetris: other",4,2,51,58,51,,0,-99,5,1,64,67,69,4,,2,43,53,51,,,,4,3,4,2,1,1,-99,0,10,,,0,0,Neutral,,,Unknown
2021-02-09 14:34:02,2021-02-09 16:45:51,0,110.54.163.251,100,7908,1,2021-02-09 16:45:52,R_3hucfSQyEMoXCXo,,,,,14.626495361328125,121.031402587890625,anonymous,EN,1,TM000002,P000108,2,5,6,5,6,5,6,6,6,4,6,6,6,6,6,7,3,7,3,6,3,2,1,2,6,2,,,,,2,2,1.742,1.742,2.706,1,2,0.74,0.74,1.693,1,2,0.504,0.504,1.322,1,4,2.754,2.754,3.369,1,,,,,,,,,,,,,,,,-99,I don't know,I don't know,,,,,,,-99,,,Going together at the start with the three roles and then splitting towards the end to find victims left behind,"Going together in one section throughout the mission, with only one hammer guy and two medics",,,,,,,,,,,,,,,,,,,"Two hammers at first clearing all rubble, then switching to all medics towards the end. Yellow victims were prioritized accordingly","Our strategy worked very well, but perhaps the medics could've been more scattered towards the end to make sure we didn't miss any victims",24,1,5,1,6,-99,4,-99,1,2,7,7,,,,,,,,,,,,,"Skyrim, Fallout 4, Pokemon, Legend of Zelda Breath of the Wild","Civilization VI - Grand Strategy, Stellaris - Grand Strategy, Europa Universalis IV - Grand Strategy, Pokemon Shield - RPG, Stardew Valley - RPG, Farming Simulator",,,,,,,,,,,,,,4,,2,10,-99,50,,,,4,3,4,3,1,2,,,10,,,0,5,Positive,,,Unknown
2021-02-09 14:33:51,2021-02-09 16:46:36,0,70.172.68.106,100,7964,1,2021-02-09 16:46:37,R_1GVmXiBT0TJq4bM,,,,,33.4380035400390625,-111.71179962158203125,anonymous,EN,1,TM000002,P000107,2,6,5,4,6,6,5,5,6,4,5,2,6,2,1,1,6,2,3,4,7,6,6,6,1,5,,,,,2,2,0.907,1.664,2.292,3,2,1.269,1.269,2.265,1,2,0.446,0.446,1.025,1,4,0.998,0.998,1.459,1,,,,,,,,,,,,,,,,-99,Medic,None,,,,,,,-99,,,"Have a search specialist pull victims out of rooms and then the medic saves them. Hammer specialist just clears out rubble that they stumble upon. I did use the map to direct people the hammer specialist to specific parts of the map where victims were trapped under rubble. ","I think the most effective strategy would be to have 1 medic and 2 hammer specialists, and the entire team sticks together in the same area. There is no need for the team to split up since the yellow victims require three people to save. The search specialist is not really worth it because one person on the team will get a map of all victim locations, eliminating the need to search. ",,,,,,,,,,,,,,,,,,,"Two hammer specialists and one medic. I was the medic and I used the map with the victim layout to find the victims. The hammer specialists just cleared rubble in different areas and I trailed behind them rescuing victims. ","I think the most effective strategy is having the medic be the person with the victim layout, and using that map to rescue victims. Then, the hammer specialists can just clear rubble. Technically, the medic could order the hammer specialists to clear specific rubble for specific victims, but that requires a lot of effort on the medics part and I imagine that there will be a lot of downtime showing people around because the medic has to stop rescuing victims and then manually guide the person to the pile of rubble which takes time. ",18,1,4,7,2,-99,1,-99,1,1,7,7,,,,,,,,,,,,,"Minecraft, Call of Duty","Minecraft- first person action adventure 
Call of Duty: Cold War- First person shooter",,,,,,,,,,,,,,4,,7,100,100,100,,,,4,3,4,2,2,2,,,10,,,0,0,Neutral,,,Unknown
2021-02-09 16:05:40,2021-02-09 16:52:37,0,70.180.28.152,100,2816,1,2021-02-09 16:52:38,R_10TzKHwufD2kfCJ,,,,,33.312103271484375,-111.82129669189453125,anonymous,EN,1,TM000002,P000106,2,6,5,5,5,5,6,5,6,3,6,6,5,6,6,6,5,5,5,5,5,5,3,5,5,5,,,,,2,2,0.178,0.178,1.159,1,2,0.325,0.325,1.284,1,2,0.375,0.375,1.309,1,4,1.311,1.311,2.19,1,,,,,,,,,,,,,,,,-99,Hammer,None,,,,,,,-99,,,"We decided to go the right side and finished the right side first. We then hit the center and left. We had 1 hammer, 1 searcher and 1 medic. And towards the end we switched to 2 medics and 1 hammer.",2 Hammers and 1 medic is the most effective as per my understanding.,,,,,,,,,,,,,,,,,,,We decided to have 2 hammer and 1 medic in the 2nd mission. We cleared the right side first and then moved to the center and finally the left side. Since we were all together we saved the yellow victims quickly.,2 hammer and 1 medic in the beginning and then the 2 medics and 1 hammer in the end 5 mins.,24,1,4,2,5,-99,4,-99,3,2,7,5,20,10,70,-99,-99,30,10,20,5,30,0,5,"Fifa, CoD, Minecraft","Minecraft, Cities Skyline",3,3,80,60,75,,5,"Call of Duty, CS, Fifa",6,1,70,85,80,4,,2,70,60,55,,,,3,3,2,1,1,1,University level tournaments,Yes,10,,,0,0,Neutral,,,Unknown
2021-02-10 13:30:13,2021-02-10 15:14:55,0,174.99.12.105,100,6282,1,2021-02-10 15:14:56,R_2rxyr7X4xsvwaCP,,,,,35.7613983154296875,-78.60150146484375,anonymous,EN,1,TM000003,P000109,1,5,5,6,4,6,6,6,5,5,5,5,1,5,6,3,6,4,2,5,7,6,2,3,3,2,4,,,,2,,,,,,,,,,,,,,,,4,1.095,1.095,1.902,1,,,,,,,,,,,,,,,,8,-99,-99,5,-99,-99,4,-99,-99,1,1,1,"WE started with 1 searcher, 1 medic, and 1 heavy equipment specialist and we moved clockwise through the building as quickly as we could. ","The most effective strategy would probably be 2 heavy equipment specialists to start to clear rubble and identify where victims are and then have teammates switch to two medics and a searcher to save victims. ",,,,8,-99,-99,4,-99,-99,8,-99,-99,3,1,1,,,,"We started with 2 heavy equipment specialists and a searcher to identify victims and remove rubble. Then transitioned to medics once rubble was cleared. ","I think something along that team configuration probably would work best, but another teammate needs to switch to medic sooner to start rescuing victims. ",28,1,5,7,6,-99,3,-99,2,2,7,7,,,,,,,,,,,,,"Apex Legends, Call of Duty Warzone, Call of Duty Black Ops Cold War","Apex Legends (First person shooter), Rocket League (Sports), Call of Duty Warzone (First Person Shooter), Call of Duty Black Ops Cold War (First Person Shooter)",,,,,,,,,,,,,,4,,3,20,23,23,,,,4,3,5,1,1,2,,,10,,,0,4,Positive,,,Unknown
2021-02-10 13:29:58,2021-02-10 15:20:45,0,72.208.102.190,100,6647,1,2021-02-10 15:20:46,R_2D5rMPue4N2Bjfe,,,,,33.2505035400390625,-111.85810089111328125,anonymous,EN,1,TM000003,P000110,1,5,5,5,5,4,6,5,4,4,5,6,2,4,5,2,4,4,3,6,2,3,3,2,3,3,4,,,,2,,,,,,,,,,,,,,,,4,2.91,2.91,3.822,1,,,,,,,,,,,,,,,,8,-99,-99,5,-99,-99,4,-99,-99,1,1,1,"To start from the left going clockwise, with one of each team member present. After a bit, we switched to having two medics.","Starting off with two medics and one hammer, or if there is a lot of rubble, two hammers (for a brief time) and one medic.",,,,8,-99,-99,8,-99,-99,4,-99,-99,3,1,1,,,,"We started off with two hammers, one searcher. The hammer and searcher went left, the other hammer went right. The goal was to clear as much rubble as possible and move victims to a central location/outside the rooms. Eventually, everyone became a medic (around the 5/6 min mark) to rescue critical/regular victims. When all visible victims were rescued, a medic closest to the role-switching room switched to hammer in a last-ditch effort to uncover more victims.",Have a hammer and two medics but switch to three medics as needed.,21,2,5,7,5,-99,1,-99,3,3,4,7,,,,,,,,,,,,,"Animal Crossing, Breath of the Wild","Animal Crossing, Breath of the Wild, Assassin's Creed, Bioshock",,,,,,,,,,,,,,5,,2,0,0,0,,,,2,1,4,1,1,2,,,10,,,0,5,Positive,,,Unknown
2021-02-10 13:29:57,2021-02-10 15:24:15,0,98.177.66.27,100,6857,1,2021-02-10 15:24:15,R_31oBQdbp7P3iE7H,,,,,33.398101806640625,-111.785003662109375,anonymous,EN,1,TM000003,P000111,1,5,6,5,4,5,5,5,5,5,5,5,2,5,6,4,5,6,1,6,5,3,2,3,4,5,4,,,,2,,,,,,,,,,,,,,,,4,1.981,1.981,2.603,1,,,,,,,,,,,,,,,,8,-99,-99,5,-99,-99,4,-99,-99,1,1,1,"We had one of each role, searcher scouts and relocates victims for the medic to heal easily, also asks for assistance to clear the rubble Once we covered most ground, the searcher switched to a medic.",Marking rubble and victims on the map with 1 searcher fast and change to 2 medics. One medic and an engineer can stick together while searcher scouts.,,,,8,-99,-99,8,-99,-99,4,-99,-99,3,1,1,,,,"Start with 2 heavy and 1 scout, find people and switch to all medics to heal at the end","We can try another combination with 1 heavy and 2 medics, save on the go. Medics split to left and right while heavy sticks with either one of them.",24,1,4,1,4,-99,4,-99,1,2,7,7,0,0,100,0,10,30,40,30,100,100,11,30,"DOTA2, Aion, Guild Wars 2, Blade & Soul","DOTA2 (MOBA), Valorant (FPS), Prop and Seek (FPS? - It's an FPS take on hide and seek)",4,2,60,80,100,,1,DOTA2,5,2,100,100,95,4,,2,70,90,90,,,,4,3,5,1,2,1,Battlecup (DOTA2),3,10,,,0,4,Positive,,,Unknown
2021-02-10 16:07:59,2021-02-10 17:35:12,0,98.165.108.113,100,5233,1,2021-02-10 17:35:13,R_2zMuDr2pDueLII8,,,,,33.3289031982421875,-111.8657989501953125,anonymous,EN,1,TM000004,P000114,2,5,5,4,4,3,5,4,6,4,5,6,4,4,5,6,3,6,3,5,3,5,3,3,6,3,4,,,,2,,,,,,,,,,,,,,,,4,5.256,5.256,6.503,1,,,,,,,,,,,,,,,,-99,-99,-99,-99,-99,-99,4,-99,-99,-99,-99,3,get the green victims to be near the yellow victims and then triage them all as medics in the end,switching to medic a bit early in the process would be better,,,,-99,-99,-99,-99,-99,-99,4,-99,-99,-99,-99,1,,,,it was similar to the previous strategy but we decided to become medics early this time,having a medic early with a two hammers might be good,46,1,4,6,6,-99,4,-99,3,3,7,6,,,,,,,,,,,,,strategy games like civilization,not play too many games at the moment,,,,,,,,,,,,,,4,,2,53,24,52,,,,3,3,2,1,1,2,,,10,,,0,1,Positive,,,Unknown
2021-02-10 16:07:57,2021-02-10 17:37:20,0,71.223.22.123,100,5363,1,2021-02-10 17:37:20,R_9GZ4H4ej7c5QuDn,,,,,33.3321990966796875,-111.99420166015625,anonymous,EN,1,TM000004,P000113,2,4,5,6,5,6,6,6,5,4,6,5,2,6,6,7,5,3,3,5,3,5,6,2,4,1,4,,,,1,2,0.531,0.531,1.408,1,,,,,,,,,,,4,5.952,5.952,7.263,1,,,,,,,,,,,,,,,,-99,-99,-99,4,-99,-99,-99,-99,-99,-99,1,-99,"Save the critical victims for the last, split up at the start. Use the SS in order to move non-critical victims into the rooms with critical victims so they can be saved simultaneously at the end. Remove rubble first, then consolidate victims into an area, and finally save them","I think if we were more intentional about getting as many victims into the rooms with the critical victims we could save ourselves time at the end. ",,,,-99,-99,-99,8,-99,-99,-99,-99,-99,-99,1,-99,,,,"We started with the same strategy as mission one, try to move victims into areas with the critical victims. We weren't able to get to many of the green victims though because we only had one search specialist. There seemed to be more rubble, so we used two HMS 's for a large part of the time","I think sticking together would have been more effective during this mission. At least in the same third of the mission map, and use one of each role. ",26,1,5,7,5,-99,1,-99,1,2,7,7,,,,,,,,,,,,,"DOTA, League of Legends","RPG's - Fallout, Outer Worlds",,,,,,,,,,,,,,4,,7,25,14,25,,,,4,3,2,1,1,2,,,10,,,0,0,Neutral,,,Unknown
2021-02-10 16:07:59,2021-02-10 17:40:45,0,70.162.63.8,100,5565,1,2021-02-10 17:40:46,R_10wxVl9A0ZQziYO,,,,,32.194305419921875,-110.9766998291015625,anonymous,EN,1,TM000004,P000112,2,4,3,4,4,6,6,5,6,4,5,6,5,7,6,7,3,5,3,6,5,3,2,2,5,4,4,,,,2,,,,,,,,,,,,,,,,4,5.193,5.193,6.308,1,,,,,,,,,,,,,,,,8,-99,-99,4,-99,-99,8,-99,-99,2,3,3,We chose different roles and tried to stack victims initially.  We placed them together with the critical victims so that we could tackle them at the end.,something similar to how we did it but perhaps with more coordination in regard to clearing rubble in the beginning stages.,,,,8,-99,-99,8,-99,-99,8,-99,-99,2,3,1,,,,"two went to hammer spec and one stretcher.  two of us started on the left side and one on the right.  After breaking quite a bit of rubble and stretchering some of the victims as well as identifying criticals we focused on medic.  Our strat was largely the same where we left critical victims to the end. ","All going hammer since there was quite a bit of rubble to break initially.  Other than that I think we had a good strat. ",37,1,5,7,5,-99,1,-99,1,1,7,7,16,17,100,11,11,43,73,45,100,71,16,-99,"World of Warcraft, Civilization 6, Call of Duty","Civilization, strategy",4,2,70,78,72,,NA,"World of Warcraft; Call of duty, civilization",5,1,75,76,75,4,,2,20,20,20,,,,4,3,4,2,2,1,Civilization,0,10,,,0,5,Positive,,,Unknown
2021-02-11 13:53:14,2021-02-11 15:48:23,0,184.103.99.48,100,6909,1,2021-02-11 15:48:24,R_3J97OdIKxJ3LQJW,,,,,33.490997314453125,-112.16989898681640625,anonymous,EN,1,TM000005,P000116,6,6,6,6,6,6,6,6,6,6,6,6,2,7,7,7,2,7,2,6,2,4,1,1,6,2,4,,,,2,,,,,,,,,,,,,,,,3,8.343,8.343,12.599,1,2,1.033,1.033,2.287,1,4,0.698,0.698,1.437,1,,,,,,4,-99,-99,5,-99,-99,8,-99,-99,1,2,3,Have 2 hammer specialist and 1 medic.,2 medics and 1 hammer specialist,83,19,34,5,-99,-99,5,-99,-99,8,-99,-99,3,2,3,84,19,34,"We covered the same area as before, but cleared out only the ruble that was hiding victims.","We looked at the map a lot more. ",24,1,5,7,5,-99,3,-99,5,3,7,1,100,-99,-99,-99,-99,-99,-99,-99,-99,-99,100,-99,Lumosity,I currenlty have not been playing any video games due to time constraints.,3,2,-99,50,50,none,-99,none,6,,50,50,50,4,5,2,50,50,50,21,18,22,3,4,,,,,,,0,,,,,,,,
2021-02-11 13:52:38,2021-02-11 15:51:21,0,70.180.28.152,100,7122,1,2021-02-11 15:51:21,R_uqu8BJWyK32Irlf,,,,,33.312103271484375,-111.82129669189453125,anonymous,EN,1,TM000005,P000117,6,5,6,6,6,5,5,5,4,4,6,6,3,4,6,5,4,7,2,6,6,2,2,4,6,1,4,,,,2,,,,,,,,,,,,,,,,4,12.558,12.558,13.757,1,,,,,,,,,,,,,,,,8,-99,-99,5,-99,-99,8,-99,-99,3,3,3,We decided on 2 Hammer specialists + 1 Medic. Decided to do right to left.,I think this was an effective strategy. However we should've all switched to medics sooner (towards the end),83,19,33,8,-99,-99,5,-99,-99,8,-99,-99,1,1,1,84,19,33,Same as mission 1 (2 hammers + 1 medic),Modify the same strategy that we followed by clear all entrances and leaving out the victims in the rubble (victims in the rubble seem high effort low reward),23,1,5,3,5,-99,4,-99,2,2,7,5,20,40,29,0,10,40,20,-99,30,-99,-99,10,"God of War, Need For Speed - Most Wanted, COD - Black Ops","Valorant (First Person Shooter), Fire Emblem (Turn Based strategy), Minecraft ",3,3,75,70,85,PUBG (FPS+MMO),None,"PUBG (FPS+MMO), Valorant, Fortnite, COD, Counter Strike GO",6,,85,70,70,4,2,3,60,65,70,21,18,22,4,3,1,2,1,2,,,10,,,,,,,,
2021-02-11 13:52:30,2021-02-11 15:58:03,0,72.201.66.123,100,7533,1,2021-02-11 15:58:04,R_3NQg663EBRmuCn5,,,,,33.43060302734375,-111.92559814453125,anonymous,EN,1,TM000005,P000115,6,4,5,2,4,5,4,5,5,3,5,3,5,1,2,4,5,5,3,3,6,7,3,4,2,4,4,,,,1,2,2.195,2.195,5.296,1,,,,,,,,,,,4,2.425,2.425,4.078,1,,,,,,,,,,,,,,,,5,-99,-99,8,-99,-99,5,-99,-99,3,3,3,2 egr and 1 medic the 3 medic,2 medic 1 egr then switch to 3 medic,81,16,31,8,-99,-99,5,-99,-99,5,-99,-99,3,3,3,82,16,31,2 egr 1 medic more cross map collaboration,crossmap collab with 2 egr and 1 medic then switch to 3 medic at 5 min,22,1,5,7,5,-99,8,Multiple ethnicities,2,2,7,6,2,97,1,-99,-99,27,33,-99,3,-99,1,33,"Ghost of Tsushima,Ghost Recon Wildlands/Breakpoint, COD blackops 1","Ghost of Tsushima- 3rd person action adventure
Ghost Recon Wildlands/Breakpoint- 3rd person shooter
COD Blackops 1- 1st person shooter",2,3,40,50,60,none,n/a,none,6,,20,30,43,4,5,2,6,9,40,22,19,23,1,1,1,1,2,2,,,10,,,,,,,,
2021-02-12 13:26:01,2021-02-12 15:14:00,0,70.190.109.125,100,6479,1,2021-02-12 15:14:00,R_1N4E1CFjx5EG7HU,,,,,33.3321990966796875,-111.99420166015625,anonymous,EN,1,TM000006,P000120,6,5,5,6,5,4,6,6,6,6,6,5,3,5,4,3,7,2,5,3,3,7,6,5,4,5,4,,,,2,,,,,,,,,,,,,,,,4,2.065,2.065,2.763,1,,,,,,,,,,,,,,,,-99,-99,-99,-99,-99,-99,8,-99,-99,4,4,2,"We started as two medics and one engineer. We started in the middle then spread out. ",Clearing rubble and making paths then becoming medics and rescuing victims.,82,19,33,-99,-99,-99,10,-99,-99,8,-99,-99,4,4,1,84,19,34,"We stayed together and went to the right side, the left side, and middle. ","Going to the middle section last. Communicating with the specific maps. ",19,2,5,6,2,-99,4,-99,5,4,1,3,90,10,-99,-99,-99,-99,-99,50,-99,-99,50,-99,Among Us,None,2,3,50,30,30,None,-99,None,6,,20,20,50,4,3,3,50,50,50,26,22,24,2,1,1,1,1,2,,,10,,,,,,,,
2021-02-12 13:25:59,2021-02-12 15:16:09,0,68.2.133.234,100,6609,1,2021-02-12 15:16:10,R_2E7fReTqQ7dpQng,,,,,33.405303955078125,-111.7227020263671875,anonymous,EN,1,TM000006,TM000006,6,5,6,5,4,5,6,6,4,4,5,5,7,6,4,3,6,7,4,7,5,4,3,2,3,4,4,,,,2,,,,,,,,,,,,,,,,4,1.202,1.755,2.06,2,,,,,,,,,,,,,,,,-99,-99,-99,-99,-99,-99,-99,-99,-99,4,4,-99,"2 medics and one block breaker. Everyone searches for victims. Medics heal them when they find them. Search through an area before moving on to the next. Didn't get too far away from each other. ","Capitalizing on heterogenous map info and roles. Lots of communication. Don't spread out too much, but don't be so close as to duplicate efforts",79,16,31,8,-99,-99,5,-99,-99,5,-99,-99,4,4,-99,80,16,31,"similar to the first but better. 2 medics, 1 hammer. Go through each section with moderate spacing. Started from the left side and started moving through the areas.","the one we did is the best I know of. However, more intel from the advisor would have been potentially useful",30,1,5,7,6,-99,1,-99,1,2,7,6,5,80,15,-99,-99,25,25,0,25,10,15,0,"age of empires 2, zelda botw, battlefiled 5, baulder's gate","Zelda breathe of the wind [adventure/puzzle], Battlefield 5 [first person shooter]. Gears of War 5 [3rd person shooter]",3,2,90,90,90,none,none,Battlefield 5. Gears of war,5,1,50,70,70,4,2,5,60,50,40,23,19,24,4,3,3,1,1,2,,,10,,,,,,,,
2021-02-12 13:25:57,2021-02-12 15:17:00,0,68.3.188.213,100,6662,1,2021-02-12 15:17:00,R_6EY1KOQEr6goKad,,,,,33.4380035400390625,-111.71179962158203125,anonymous,EN,1,TM000006,P000118,6,4,6,6,4,5,6,6,5,4,6,5,4,6,6,3,7,2,4,5,4,4,2,4,3,4,4,,,,2,,,,,,,,,,,,,,,,4,1.107,1.551,1.797,2,,,,,,,,,,,,,,,,8,-99,-99,-99,-99,-99,-99,-99,-99,1,4,-99,tell everyone what we were doing right away. never choose search specialist.,find critical victims in each area using hammer guy,82,19,30,8,-99,-99,10,-99,-99,-99,-99,-99,1,4,-99,82,18,32,"no search specialist, group together and have rubbler spread out early to get a head start. use special map information to communicate location and distribution of victims","what we did... ",25,1,5,7,6,-99,1,-99,1,1,7,7,-99,-99,100,-99,-99,0,0,0,50,0,0,50,turn-based strategy,"Hearthstone (turn-based strategy), World of Warcraft (rpg)",3,2,90,60,90,Hearthstone,none,World of Warcraft,5,1,80,75,90,4,2,7,40,50,70,21,18,23,4,3,4,1,1,2,,,10,,,,,,,,
